threshold,precision,recall,f1,false_positive_rate,false_negative_rate,tp,fp,tn,fn
0.009624081977315908,0.4431047475508666,1.0,0.6140992167101827,1.0,0.0,588.0,739.0,0.0,0.0
0.009930974919616338,0.6215644820295984,1.0,0.7666232073011734,0.4844384303112314,0.0,588.0,358.0,381.0,0.0
0.010088034758111441,0.6228813559322034,1.0,0.7676240208877284,0.4817320703653586,0.0,588.0,356.0,383.0,0.0
0.010183448206786098,0.625531914893617,1.0,0.7696335078534031,0.476319350473613,0.0,588.0,352.0,387.0,0.0
0.010247552811734287,0.6261980830670927,1.0,0.7701375245579568,0.4749661705006766,0.0,588.0,351.0,388.0,0.0
0.010305126439461762,0.6268656716417911,1.0,0.7706422018348624,0.4736129905277402,0.0,588.0,350.0,389.0,0.0
0.010328245415087638,0.6275346851654215,1.0,0.7711475409836066,0.4722598105548038,0.0,588.0,349.0,390.0,0.0
0.01040956673583463,0.6282051282051282,1.0,0.7716535433070866,0.4709066305818674,0.0,588.0,348.0,391.0,0.0
0.010574114736470169,0.6288770053475936,1.0,0.7721602101116218,0.469553450608931,0.0,588.0,347.0,392.0,0.0
0.010645420632192868,0.6893317702227433,1.0,0.8160999306037474,0.35859269282814615,0.0,588.0,265.0,474.0,0.0
0.010690826847942828,0.6901408450704225,1.0,0.8166666666666667,0.3572395128552097,0.0,588.0,264.0,475.0,0.0
0.010968133620902515,0.690951821386604,1.0,0.817234190410007,0.35588633288227334,0.0,588.0,263.0,476.0,0.0
0.011188074530585224,0.691764705882353,1.0,0.8178025034770514,0.35453315290933696,0.0,588.0,262.0,477.0,0.0
0.01125843130636885,0.6925795053003534,1.0,0.8183716075156576,0.3531799729364005,0.0,588.0,261.0,478.0,0.0
0.011616829108894073,0.6942148760330579,1.0,0.8195121951219512,0.35047361299052776,0.0,588.0,259.0,480.0,0.0
0.012156617415491212,0.7405541561712846,1.0,0.8509406657018813,0.2787550744248985,0.0,588.0,206.0,533.0,0.0
0.012175666190113312,0.7433628318584071,1.0,0.8527918781725888,0.2746955345060893,0.0,588.0,203.0,536.0,0.0
0.012472037727462458,0.7443037974683544,1.0,0.8534107402031931,0.2733423545331529,0.0,588.0,202.0,537.0,0.0
0.012761039495793713,0.7461928934010152,1.0,0.8546511627906976,0.2706359945872801,0.0,588.0,200.0,539.0,0.0
0.013064058274524205,0.7706422018348624,1.0,0.8704663212435233,0.2368064952638701,0.0,588.0,175.0,564.0,0.0
0.013584942317786874,0.7716535433070866,1.0,0.8711111111111111,0.2354533152909337,0.0,588.0,174.0,565.0,0.0
0.01369155108921288,0.7736842105263158,1.0,0.8724035608308606,0.2327469553450609,0.0,588.0,172.0,567.0,0.0
0.013930133776834523,0.7747035573122529,1.0,0.8730512249443207,0.2313937753721245,0.0,588.0,171.0,568.0,0.0
0.014016351738983234,0.7757255936675461,1.0,0.8736998514115899,0.23004059539918809,0.0,588.0,170.0,569.0,0.0
0.014688904338678218,0.7978290366350068,1.0,0.8875471698113208,0.20162381596752368,0.0,588.0,149.0,590.0,0.0
0.015037004193975018,0.7989130434782609,1.0,0.8882175226586103,0.20027063599458728,0.0,588.0,148.0,591.0,0.0
0.015202218729557553,0.8,1.0,0.8888888888888888,0.19891745602165087,0.0,588.0,147.0,592.0,0.0
0.01539322449505383,0.8010899182561307,1.0,0.8895612708018155,0.1975642760487145,0.0,588.0,146.0,593.0,0.0
0.015469437656311449,0.8132780082987552,1.0,0.897025171624714,0.18267929634641408,0.0,588.0,135.0,604.0,0.0
0.01565622977288904,0.814404432132964,1.0,0.8977099236641222,0.18132611637347767,0.0,588.0,134.0,605.0,0.0
0.015905924918536807,0.8155339805825242,1.0,0.8983957219251337,0.17997293640054127,0.0,588.0,133.0,606.0,0.0
0.01613076330695305,0.8166666666666667,1.0,0.8990825688073395,0.17861975642760486,0.0,588.0,132.0,607.0,0.0
0.016899955063524343,0.8178025034770514,1.0,0.899770466717674,0.17726657645466848,0.0,588.0,131.0,608.0,0.0
0.016903033316223417,0.8189415041782729,1.0,0.900459418070444,0.17591339648173207,0.0,588.0,130.0,609.0,0.0
0.017321943248049337,0.8352272727272727,1.0,0.9102167182662538,0.15696887686062247,0.0,588.0,116.0,623.0,0.0
0.017961507446718115,0.8364153627311522,1.0,0.9109217660728117,0.15561569688768606,0.0,588.0,115.0,624.0,0.0
0.018558137076215467,0.8376068376068376,1.0,0.9116279069767442,0.15426251691474965,0.0,588.0,114.0,625.0,0.0
0.01926382819081534,0.8448275862068966,1.0,0.9158878504672897,0.14614343707713126,0.0,588.0,108.0,631.0,0.0
0.019444322355829626,0.8460431654676259,1.0,0.916601714731099,0.14479025710419485,0.0,588.0,107.0,632.0,0.0
0.02037194623691007,0.8472622478386167,1.0,0.9173166926677067,0.14343707713125844,0.0,588.0,106.0,633.0,0.0
0.021342860731791383,0.8571428571428571,1.0,0.9230769230769231,0.13261163734776726,0.0,588.0,98.0,641.0,0.0
0.022358992280037362,0.8583941605839416,1.0,0.9238020424194815,0.13125845737483086,0.0,588.0,97.0,642.0,0.0
0.02342234391770131,0.8634361233480177,1.0,0.9267139479905437,0.12584573748308525,0.0,588.0,93.0,646.0,0.0
0.02390888180353641,0.8647058823529412,1.0,0.9274447949526814,0.12449255751014884,0.0,588.0,92.0,647.0,0.0
0.02453499742406312,0.865979381443299,1.0,0.9281767955801105,0.12313937753721245,0.0,588.0,91.0,648.0,0.0
0.026487369346060375,0.8724035608308606,1.0,0.9318541996830428,0.11637347767253045,0.0,588.0,86.0,653.0,0.0
0.02691694350587443,0.8736998514115899,1.0,0.9325931800158604,0.11502029769959404,0.0,588.0,85.0,654.0,0.0
0.028452521888191504,0.8789237668161435,1.0,0.9355608591885441,0.10960757780784844,0.0,588.0,81.0,658.0,0.0
0.029523138626334194,0.8802395209580839,1.0,0.9363057324840764,0.10825439783491204,0.0,588.0,80.0,659.0,0.0
0.030212003207862843,0.8842105263157894,1.0,0.9385474860335196,0.10419485791610285,0.0,588.0,77.0,662.0,0.0
0.03044506674267496,0.8855421686746988,1.0,0.939297124600639,0.10284167794316644,0.0,588.0,76.0,663.0,0.0
0.03112059743695308,0.8868778280542986,1.0,0.9400479616306955,0.10148849797023005,0.0,588.0,75.0,664.0,0.0
0.03237327983515439,0.8882175226586103,1.0,0.9408,0.10013531799729364,0.0,588.0,74.0,665.0,0.0
0.03548850976163109,0.8909090909090909,1.0,0.9423076923076923,0.09742895805142084,0.0,588.0,72.0,667.0,0.0
0.036145331640038546,0.8963414634146342,1.0,0.9453376205787781,0.09201623815967523,0.0,588.0,68.0,671.0,0.0
0.038891464682758094,0.8961832061068702,0.9982993197278912,0.9444891391794047,0.09201623815967523,0.0017006802721088435,587.0,68.0,671.0,1.0
0.039415336146873155,0.8975535168195719,0.9982993197278912,0.9452495974235104,0.09066305818673884,0.0017006802721088435,587.0,67.0,672.0,1.0
0.04260631106028691,0.8989280245022971,0.9982993197278912,0.9460112812248187,0.08930987821380243,0.0017006802721088435,587.0,66.0,673.0,1.0
0.04665876707744206,0.9003067484662577,0.9982993197278912,0.9467741935483871,0.08795669824086604,0.0017006802721088435,587.0,65.0,674.0,1.0
0.0484933970181581,0.9044684129429892,0.9982993197278912,0.9490703314470493,0.08389715832205684,0.0017006802721088435,587.0,62.0,677.0,1.0
0.05,0.9058641975308642,0.9982993197278912,0.9498381877022654,0.08254397834912043,0.0017006802721088435,587.0,61.0,678.0,1.0
0.05012483014826524,0.9058641975308642,0.9982993197278912,0.9498381877022654,0.08254397834912043,0.0017006802721088435,587.0,61.0,678.0,1.0
0.05107610517202985,0.9072642967542504,0.9982993197278912,0.9506072874493927,0.08119079837618404,0.0017006802721088435,587.0,60.0,679.0,1.0
0.055,0.9085271317829458,0.9965986394557823,0.9505271695052717,0.07983761840324763,0.003401360544217687,586.0,59.0,680.0,2.0
0.05588713100829635,0.9085271317829458,0.9965986394557823,0.9505271695052717,0.07983761840324763,0.003401360544217687,586.0,59.0,680.0,2.0
0.05621058403284092,0.9099378881987578,0.9965986394557823,0.9512987012987013,0.07848443843031123,0.003401360544217687,586.0,58.0,681.0,2.0
0.05792851052987591,0.911353032659409,0.9965986394557823,0.9520714865962632,0.07713125845737483,0.003401360544217687,586.0,57.0,682.0,2.0
0.06,0.9127725856697819,0.9965986394557823,0.9528455284552846,0.07577807848443843,0.003401360544217687,586.0,56.0,683.0,2.0
0.06112213377395466,0.9127725856697819,0.9965986394557823,0.9528455284552846,0.07577807848443843,0.003401360544217687,586.0,56.0,683.0,2.0
0.06390847765114185,0.9141965678627145,0.9965986394557823,0.9536208299430431,0.07442489851150202,0.003401360544217687,586.0,55.0,684.0,2.0
0.065,0.917057902973396,0.9965986394557823,0.9551752241238793,0.07171853856562922,0.003401360544217687,586.0,53.0,686.0,2.0
0.06831050416300102,0.917057902973396,0.9965986394557823,0.9551752241238793,0.07171853856562922,0.003401360544217687,586.0,53.0,686.0,2.0
0.06891825227101177,0.9184952978056427,0.9965986394557823,0.9559543230016313,0.07036535859269283,0.003401360544217687,586.0,52.0,687.0,2.0
0.07,0.9183673469387755,0.9948979591836735,0.9551020408163265,0.07036535859269283,0.00510204081632653,585.0,52.0,687.0,3.0
0.07426276348618684,0.9183673469387755,0.9948979591836735,0.9551020408163265,0.07036535859269283,0.00510204081632653,585.0,52.0,687.0,3.0
0.075,0.9198113207547169,0.9948979591836735,0.9558823529411765,0.06901217861975643,0.00510204081632653,585.0,51.0,688.0,3.0
0.07538697483950928,0.9198113207547169,0.9948979591836735,0.9558823529411765,0.06901217861975643,0.00510204081632653,585.0,51.0,688.0,3.0
0.07673686506826569,0.9212598425196851,0.9948979591836735,0.9566639411283728,0.06765899864682003,0.00510204081632653,585.0,50.0,689.0,3.0
0.07969409437449375,0.9211356466876972,0.9931972789115646,0.955810147299509,0.06765899864682003,0.006802721088435374,584.0,50.0,689.0,4.0
0.08,0.9240506329113924,0.9931972789115646,0.9573770491803278,0.06495263870094722,0.006802721088435374,584.0,48.0,691.0,4.0
0.08051164046657039,0.9240506329113924,0.9931972789115646,0.9573770491803278,0.06495263870094722,0.006802721088435374,584.0,48.0,691.0,4.0
0.08446970712306107,0.9255150554675119,0.9931972789115646,0.9581624282198523,0.06359945872801083,0.006802721088435374,584.0,47.0,692.0,4.0
0.08499999999999999,0.926984126984127,0.9931972789115646,0.9589490968801314,0.06224627875507442,0.006802721088435374,584.0,46.0,693.0,4.0
0.08679249461243206,0.926984126984127,0.9931972789115646,0.9589490968801314,0.06224627875507442,0.006802721088435374,584.0,46.0,693.0,4.0
0.08926913602719397,0.9268680445151033,0.9914965986394558,0.9580936729663106,0.06224627875507442,0.008503401360544218,583.0,46.0,693.0,5.0
0.09,0.928343949044586,0.9914965986394558,0.9588815789473685,0.06089309878213803,0.008503401360544218,583.0,45.0,694.0,5.0
0.09480655139527008,0.928343949044586,0.9914965986394558,0.9588815789473685,0.06089309878213803,0.008503401360544218,583.0,45.0,694.0,5.0
0.095,0.9313099041533547,0.9914965986394558,0.9604612850082372,0.058186738836265225,0.008503401360544218,583.0,43.0,696.0,5.0
0.09665884134500094,0.9313099041533547,0.9914965986394558,0.9604612850082372,0.058186738836265225,0.008503401360544218,583.0,43.0,696.0,5.0
0.09999999999999999,0.9312,0.9897959183673469,0.9596042868920033,0.058186738836265225,0.01020408163265306,582.0,43.0,696.0,6.0
0.105,0.9312,0.9897959183673469,0.9596042868920033,0.058186738836265225,0.01020408163265306,582.0,43.0,696.0,6.0
0.10999999999999999,0.9312,0.9897959183673469,0.9596042868920033,0.058186738836265225,0.01020408163265306,582.0,43.0,696.0,6.0
0.11499999999999999,0.9312,0.9897959183673469,0.9596042868920033,0.058186738836265225,0.01020408163265306,582.0,43.0,696.0,6.0
0.11509523254118963,0.9312,0.9897959183673469,0.9596042868920033,0.058186738836265225,0.01020408163265306,582.0,43.0,696.0,6.0
0.1183268959673291,0.9326923076923077,0.9897959183673469,0.9603960396039604,0.056833558863328824,0.01020408163265306,582.0,42.0,697.0,6.0
0.12,0.9341894060995185,0.9897959183673469,0.9611890999174236,0.05548037889039242,0.01020408163265306,582.0,41.0,698.0,6.0
0.12320810337605367,0.9341894060995185,0.9897959183673469,0.9611890999174236,0.05548037889039242,0.01020408163265306,582.0,41.0,698.0,6.0
0.12460803204075058,0.9356913183279743,0.9897959183673469,0.9619834710743802,0.05412719891745602,0.01020408163265306,582.0,40.0,699.0,6.0
0.12499999999999999,0.9371980676328503,0.9897959183673469,0.9627791563275434,0.05277401894451962,0.01020408163265306,582.0,39.0,700.0,6.0
0.12988755743477282,0.9371980676328503,0.9897959183673469,0.9627791563275434,0.05277401894451962,0.01020408163265306,582.0,39.0,700.0,6.0
0.13,0.9370967741935484,0.9880952380952381,0.9619205298013245,0.05277401894451962,0.011904761904761904,581.0,39.0,700.0,7.0
0.135,0.9370967741935484,0.9880952380952381,0.9619205298013245,0.05277401894451962,0.011904761904761904,581.0,39.0,700.0,7.0
0.13655424575728373,0.9370967741935484,0.9880952380952381,0.9619205298013245,0.05277401894451962,0.011904761904761904,581.0,39.0,700.0,7.0
0.13999999999999999,0.938610662358643,0.9880952380952381,0.9627174813587407,0.05142083897158322,0.011904761904761904,581.0,38.0,701.0,7.0
0.14129396887779805,0.938610662358643,0.9880952380952381,0.9627174813587407,0.05142083897158322,0.011904761904761904,581.0,38.0,701.0,7.0
0.14280258233945037,0.9401294498381877,0.9880952380952381,0.9635157545605307,0.05006765899864682,0.011904761904761904,581.0,37.0,702.0,7.0
0.14420327065533856,0.9431818181818182,0.9880952380952381,0.9651162790697675,0.04736129905277402,0.011904761904761904,581.0,35.0,704.0,7.0
0.145,0.943089430894309,0.9863945578231292,0.9642560266001663,0.04736129905277402,0.013605442176870748,580.0,35.0,704.0,8.0
0.14999999999999997,0.943089430894309,0.9863945578231292,0.9642560266001663,0.04736129905277402,0.013605442176870748,580.0,35.0,704.0,8.0
0.15499999999999997,0.943089430894309,0.9863945578231292,0.9642560266001663,0.04736129905277402,0.013605442176870748,580.0,35.0,704.0,8.0
0.15634101665809635,0.943089430894309,0.9863945578231292,0.9642560266001663,0.04736129905277402,0.013605442176870748,580.0,35.0,704.0,8.0
0.15999999999999998,0.9429967426710097,0.9846938775510204,0.9633943427620633,0.04736129905277402,0.015306122448979591,579.0,35.0,704.0,9.0
0.16499999999999998,0.9429967426710097,0.9846938775510204,0.9633943427620633,0.04736129905277402,0.015306122448979591,579.0,35.0,704.0,9.0
0.16929830218589195,0.9429967426710097,0.9846938775510204,0.9633943427620633,0.04736129905277402,0.015306122448979591,579.0,35.0,704.0,9.0
0.16999999999999998,0.9429037520391517,0.9829931972789115,0.9625312239800167,0.04736129905277402,0.017006802721088437,578.0,35.0,704.0,10.0
0.175,0.9429037520391517,0.9829931972789115,0.9625312239800167,0.04736129905277402,0.017006802721088437,578.0,35.0,704.0,10.0
0.18,0.9429037520391517,0.9829931972789115,0.9625312239800167,0.04736129905277402,0.017006802721088437,578.0,35.0,704.0,10.0
0.18309640601707594,0.9429037520391517,0.9829931972789115,0.9625312239800167,0.04736129905277402,0.017006802721088437,578.0,35.0,704.0,10.0
0.185,0.9459901800327333,0.9829931972789115,0.9641367806505421,0.044654939106901215,0.017006802721088437,578.0,33.0,706.0,10.0
0.19,0.9459901800327333,0.9829931972789115,0.9641367806505421,0.044654939106901215,0.017006802721088437,578.0,33.0,706.0,10.0
0.19312302075693755,0.9459901800327333,0.9829931972789115,0.9641367806505421,0.044654939106901215,0.017006802721088437,578.0,33.0,706.0,10.0
0.1934054469903993,0.9459016393442623,0.9812925170068028,0.9632721202003339,0.044654939106901215,0.01870748299319728,577.0,33.0,706.0,11.0
0.195,0.9474548440065681,0.9812925170068028,0.9640768588137009,0.04330175913396482,0.01870748299319728,577.0,32.0,707.0,11.0
0.19775137157469494,0.9474548440065681,0.9812925170068028,0.9640768588137009,0.04330175913396482,0.01870748299319728,577.0,32.0,707.0,11.0
0.1991839782510707,0.9537190082644628,0.9812925170068028,0.9673093042749371,0.037889039242219216,0.01870748299319728,577.0,28.0,711.0,11.0
0.19999999999999996,0.9536423841059603,0.9795918367346939,0.9664429530201343,0.037889039242219216,0.02040816326530612,576.0,28.0,711.0,12.0
0.20499999999999996,0.9536423841059603,0.9795918367346939,0.9664429530201343,0.037889039242219216,0.02040816326530612,576.0,28.0,711.0,12.0
0.20999999999999996,0.9536423841059603,0.9795918367346939,0.9664429530201343,0.037889039242219216,0.02040816326530612,576.0,28.0,711.0,12.0
0.21327307977431242,0.9536423841059603,0.9795918367346939,0.9664429530201343,0.037889039242219216,0.02040816326530612,576.0,28.0,711.0,12.0
0.21499999999999997,0.9552238805970149,0.9795918367346939,0.9672544080604534,0.036535859269282815,0.02040816326530612,576.0,27.0,712.0,12.0
0.21999999999999997,0.9552238805970149,0.9795918367346939,0.9672544080604534,0.036535859269282815,0.02040816326530612,576.0,27.0,712.0,12.0
0.22499999999999998,0.9552238805970149,0.9795918367346939,0.9672544080604534,0.036535859269282815,0.02040816326530612,576.0,27.0,712.0,12.0
0.22966432879912235,0.9552238805970149,0.9795918367346939,0.9672544080604534,0.036535859269282815,0.02040816326530612,576.0,27.0,712.0,12.0
0.22999999999999998,0.9551495016611296,0.9778911564625851,0.9663865546218487,0.036535859269282815,0.022108843537414966,575.0,27.0,712.0,13.0
0.235,0.9551495016611296,0.9778911564625851,0.9663865546218487,0.036535859269282815,0.022108843537414966,575.0,27.0,712.0,13.0
0.24,0.9551495016611296,0.9778911564625851,0.9663865546218487,0.036535859269282815,0.022108843537414966,575.0,27.0,712.0,13.0
0.245,0.9551495016611296,0.9778911564625851,0.9663865546218487,0.036535859269282815,0.022108843537414966,575.0,27.0,712.0,13.0
0.24807389445381706,0.9551495016611296,0.9778911564625851,0.9663865546218487,0.036535859269282815,0.022108843537414966,575.0,27.0,712.0,13.0
0.24999999999999994,0.9566666666666667,0.9761904761904762,0.9663299663299664,0.035182679296346414,0.023809523809523808,574.0,26.0,713.0,14.0
0.25499999999999995,0.9566666666666667,0.9761904761904762,0.9663299663299664,0.035182679296346414,0.023809523809523808,574.0,26.0,713.0,14.0
0.25999999999999995,0.9566666666666667,0.9761904761904762,0.9663299663299664,0.035182679296346414,0.023809523809523808,574.0,26.0,713.0,14.0
0.26499999999999996,0.9566666666666667,0.9761904761904762,0.9663299663299664,0.035182679296346414,0.023809523809523808,574.0,26.0,713.0,14.0
0.26999999999999996,0.9566666666666667,0.9761904761904762,0.9663299663299664,0.035182679296346414,0.023809523809523808,574.0,26.0,713.0,14.0
0.27499999999999997,0.9566666666666667,0.9761904761904762,0.9663299663299664,0.035182679296346414,0.023809523809523808,574.0,26.0,713.0,14.0
0.27999999999999997,0.9566666666666667,0.9761904761904762,0.9663299663299664,0.035182679296346414,0.023809523809523808,574.0,26.0,713.0,14.0
0.28394739616006287,0.9566666666666667,0.9761904761904762,0.9663299663299664,0.035182679296346414,0.023809523809523808,574.0,26.0,713.0,14.0
0.285,0.9565943238731218,0.9744897959183674,0.9654591406908172,0.035182679296346414,0.025510204081632654,573.0,26.0,713.0,15.0
0.2882292137772775,0.9565943238731218,0.9744897959183674,0.9654591406908172,0.035182679296346414,0.025510204081632654,573.0,26.0,713.0,15.0
0.29,0.9597989949748744,0.9744897959183674,0.9670886075949368,0.03247631935047361,0.025510204081632654,573.0,24.0,715.0,15.0
0.295,0.9597989949748744,0.9744897959183674,0.9670886075949368,0.03247631935047361,0.025510204081632654,573.0,24.0,715.0,15.0
0.3,0.9597989949748744,0.9744897959183674,0.9670886075949368,0.03247631935047361,0.025510204081632654,573.0,24.0,715.0,15.0
0.303685964056184,0.9597989949748744,0.9744897959183674,0.9670886075949368,0.03247631935047361,0.025510204081632654,573.0,24.0,715.0,15.0
0.30499999999999994,0.959731543624161,0.9727891156462585,0.9662162162162162,0.03247631935047361,0.027210884353741496,572.0,24.0,715.0,16.0
0.30999999999999994,0.959731543624161,0.9727891156462585,0.9662162162162162,0.03247631935047361,0.027210884353741496,572.0,24.0,715.0,16.0
0.31499999999999995,0.959731543624161,0.9727891156462585,0.9662162162162162,0.03247631935047361,0.027210884353741496,572.0,24.0,715.0,16.0
0.31999999999999995,0.959731543624161,0.9727891156462585,0.9662162162162162,0.03247631935047361,0.027210884353741496,572.0,24.0,715.0,16.0
0.32499999999999996,0.959731543624161,0.9727891156462585,0.9662162162162162,0.03247631935047361,0.027210884353741496,572.0,24.0,715.0,16.0
0.32999999999999996,0.959731543624161,0.9727891156462585,0.9662162162162162,0.03247631935047361,0.027210884353741496,572.0,24.0,715.0,16.0
0.33499999999999996,0.959731543624161,0.9727891156462585,0.9662162162162162,0.03247631935047361,0.027210884353741496,572.0,24.0,715.0,16.0
0.3358434183330712,0.959731543624161,0.9727891156462585,0.9662162162162162,0.03247631935047361,0.027210884353741496,572.0,24.0,715.0,16.0
0.33999999999999997,0.9613445378151261,0.9727891156462585,0.967032967032967,0.03112313937753721,0.027210884353741496,572.0,23.0,716.0,16.0
0.3449999999999999,0.9613445378151261,0.9727891156462585,0.967032967032967,0.03112313937753721,0.027210884353741496,572.0,23.0,716.0,16.0
0.3453355794651699,0.9613445378151261,0.9727891156462585,0.967032967032967,0.03112313937753721,0.027210884353741496,572.0,23.0,716.0,16.0
0.3499999999999999,0.9612141652613828,0.9693877551020408,0.9652836579170194,0.03112313937753721,0.030612244897959183,570.0,23.0,716.0,18.0
0.3549999999999999,0.9612141652613828,0.9693877551020408,0.9652836579170194,0.03112313937753721,0.030612244897959183,570.0,23.0,716.0,18.0
0.35999999999999993,0.9612141652613828,0.9693877551020408,0.9652836579170194,0.03112313937753721,0.030612244897959183,570.0,23.0,716.0,18.0
0.36499999999999994,0.9612141652613828,0.9693877551020408,0.9652836579170194,0.03112313937753721,0.030612244897959183,570.0,23.0,716.0,18.0
0.3671400204797683,0.9612141652613828,0.9693877551020408,0.9652836579170194,0.03112313937753721,0.030612244897959183,570.0,23.0,716.0,18.0
0.36999999999999994,0.9611486486486487,0.967687074829932,0.964406779661017,0.03112313937753721,0.03231292517006803,569.0,23.0,716.0,19.0
0.37499999999999994,0.9611486486486487,0.967687074829932,0.964406779661017,0.03112313937753721,0.03231292517006803,569.0,23.0,716.0,19.0
0.3774538083295678,0.9611486486486487,0.967687074829932,0.964406779661017,0.03112313937753721,0.03231292517006803,569.0,23.0,716.0,19.0
0.37999999999999995,0.961082910321489,0.9659863945578231,0.9635284139100933,0.03112313937753721,0.034013605442176874,568.0,23.0,716.0,20.0
0.38343535153978703,0.961082910321489,0.9659863945578231,0.9635284139100933,0.03112313937753721,0.034013605442176874,568.0,23.0,716.0,20.0
0.38499999999999995,0.9610169491525423,0.9642857142857143,0.9626485568760611,0.03112313937753721,0.03571428571428571,567.0,23.0,716.0,21.0
0.38999999999999996,0.9610169491525423,0.9642857142857143,0.9626485568760611,0.03112313937753721,0.03571428571428571,567.0,23.0,716.0,21.0
0.39104667698810275,0.9610169491525423,0.9642857142857143,0.9626485568760611,0.03112313937753721,0.03571428571428571,567.0,23.0,716.0,21.0
0.39499999999999996,0.9608843537414966,0.9608843537414966,0.9608843537414966,0.03112313937753721,0.0391156462585034,565.0,23.0,716.0,23.0
0.3999999999999999,0.9608843537414966,0.9608843537414966,0.9608843537414966,0.03112313937753721,0.0391156462585034,565.0,23.0,716.0,23.0
0.4049999999999999,0.9608843537414966,0.9608843537414966,0.9608843537414966,0.03112313937753721,0.0391156462585034,565.0,23.0,716.0,23.0
0.40582533030383905,0.9608843537414966,0.9608843537414966,0.9608843537414966,0.03112313937753721,0.0391156462585034,565.0,23.0,716.0,23.0
0.4099999999999999,0.9608177172061328,0.9591836734693877,0.96,0.03112313937753721,0.04081632653061224,564.0,23.0,716.0,24.0
0.41310711381429216,0.9608177172061328,0.9591836734693877,0.96,0.03112313937753721,0.04081632653061224,564.0,23.0,716.0,24.0
0.4149999999999999,0.962457337883959,0.9591836734693877,0.9608177172061328,0.029769959404600813,0.04081632653061224,564.0,22.0,717.0,24.0
0.4161847324396802,0.962457337883959,0.9591836734693877,0.9608177172061328,0.029769959404600813,0.04081632653061224,564.0,22.0,717.0,24.0
0.41999999999999993,0.9623931623931624,0.9574829931972789,0.9599317988064792,0.029769959404600813,0.04251700680272109,563.0,22.0,717.0,25.0
0.42499999999999993,0.9623931623931624,0.9574829931972789,0.9599317988064792,0.029769959404600813,0.04251700680272109,563.0,22.0,717.0,25.0
0.42999999999999994,0.9623931623931624,0.9574829931972789,0.9599317988064792,0.029769959404600813,0.04251700680272109,563.0,22.0,717.0,25.0
0.43499999999999994,0.9623931623931624,0.9574829931972789,0.9599317988064792,0.029769959404600813,0.04251700680272109,563.0,22.0,717.0,25.0
0.43999999999999995,0.9623931623931624,0.9574829931972789,0.9599317988064792,0.029769959404600813,0.04251700680272109,563.0,22.0,717.0,25.0
0.44499999999999995,0.9623931623931624,0.9574829931972789,0.9599317988064792,0.029769959404600813,0.04251700680272109,563.0,22.0,717.0,25.0
0.44672317530469946,0.9623931623931624,0.9574829931972789,0.9599317988064792,0.029769959404600813,0.04251700680272109,563.0,22.0,717.0,25.0
0.4499999999999999,0.964041095890411,0.9574829931972789,0.9607508532423208,0.028416779431664412,0.04251700680272109,563.0,21.0,718.0,25.0
0.4549999999999999,0.964041095890411,0.9574829931972789,0.9607508532423208,0.028416779431664412,0.04251700680272109,563.0,21.0,718.0,25.0
0.4599999999999999,0.964041095890411,0.9574829931972789,0.9607508532423208,0.028416779431664412,0.04251700680272109,563.0,21.0,718.0,25.0
0.4624129414461641,0.964041095890411,0.9574829931972789,0.9607508532423208,0.028416779431664412,0.04251700680272109,563.0,21.0,718.0,25.0
0.4649999999999999,0.9673539518900344,0.9574829931972789,0.9623931623931624,0.02571041948579161,0.04251700680272109,563.0,19.0,720.0,25.0
0.4699999999999999,0.9673539518900344,0.9574829931972789,0.9623931623931624,0.02571041948579161,0.04251700680272109,563.0,19.0,720.0,25.0
0.4749999999999999,0.9673539518900344,0.9574829931972789,0.9623931623931624,0.02571041948579161,0.04251700680272109,563.0,19.0,720.0,25.0
0.4799999999999999,0.9673539518900344,0.9574829931972789,0.9623931623931624,0.02571041948579161,0.04251700680272109,563.0,19.0,720.0,25.0
0.48499999999999993,0.9673539518900344,0.9574829931972789,0.9623931623931624,0.02571041948579161,0.04251700680272109,563.0,19.0,720.0,25.0
0.48682759608683496,0.9673539518900344,0.9574829931972789,0.9623931623931624,0.02571041948579161,0.04251700680272109,563.0,19.0,720.0,25.0
0.48999999999999994,0.9690189328743546,0.9574829931972789,0.9632164242942686,0.02435723951285521,0.04251700680272109,563.0,18.0,721.0,25.0
0.49499999999999994,0.9690189328743546,0.9574829931972789,0.9632164242942686,0.02435723951285521,0.04251700680272109,563.0,18.0,721.0,25.0
0.49999999999999994,0.9690189328743546,0.9574829931972789,0.9632164242942686,0.02435723951285521,0.04251700680272109,563.0,18.0,721.0,25.0
0.5049999999999999,0.9690189328743546,0.9574829931972789,0.9632164242942686,0.02435723951285521,0.04251700680272109,563.0,18.0,721.0,25.0
0.5099999999999999,0.9690189328743546,0.9574829931972789,0.9632164242942686,0.02435723951285521,0.04251700680272109,563.0,18.0,721.0,25.0
0.5149999999999999,0.9690189328743546,0.9574829931972789,0.9632164242942686,0.02435723951285521,0.04251700680272109,563.0,18.0,721.0,25.0
0.5199999999999999,0.9690189328743546,0.9574829931972789,0.9632164242942686,0.02435723951285521,0.04251700680272109,563.0,18.0,721.0,25.0
0.5249999999999999,0.9690189328743546,0.9574829931972789,0.9632164242942686,0.02435723951285521,0.04251700680272109,563.0,18.0,721.0,25.0
0.5299999999999999,0.9690189328743546,0.9574829931972789,0.9632164242942686,0.02435723951285521,0.04251700680272109,563.0,18.0,721.0,25.0
0.530261908939425,0.9690189328743546,0.9574829931972789,0.9632164242942686,0.02435723951285521,0.04251700680272109,563.0,18.0,721.0,25.0
0.5349999999999999,0.9689655172413794,0.95578231292517,0.9623287671232876,0.02435723951285521,0.04421768707482993,562.0,18.0,721.0,26.0
0.5399999999999999,0.9689655172413794,0.95578231292517,0.9623287671232876,0.02435723951285521,0.04421768707482993,562.0,18.0,721.0,26.0
0.5416931801185808,0.9689655172413794,0.95578231292517,0.9623287671232876,0.02435723951285521,0.04421768707482993,562.0,18.0,721.0,26.0
0.5434352871255279,0.9689119170984456,0.9540816326530612,0.961439588688946,0.02435723951285521,0.04591836734693878,561.0,18.0,721.0,27.0
0.5449999999999999,0.9688581314878892,0.9523809523809523,0.9605488850771869,0.02435723951285521,0.047619047619047616,560.0,18.0,721.0,28.0
0.5499999999999999,0.9688581314878892,0.9523809523809523,0.9605488850771869,0.02435723951285521,0.047619047619047616,560.0,18.0,721.0,28.0
0.5549999999999999,0.9688581314878892,0.9523809523809523,0.9605488850771869,0.02435723951285521,0.047619047619047616,560.0,18.0,721.0,28.0
0.5599999999999999,0.9688581314878892,0.9523809523809523,0.9605488850771869,0.02435723951285521,0.047619047619047616,560.0,18.0,721.0,28.0
0.565,0.9688581314878892,0.9523809523809523,0.9605488850771869,0.02435723951285521,0.047619047619047616,560.0,18.0,721.0,28.0
0.57,0.9688581314878892,0.9523809523809523,0.9605488850771869,0.02435723951285521,0.047619047619047616,560.0,18.0,721.0,28.0
0.575,0.9688581314878892,0.9523809523809523,0.9605488850771869,0.02435723951285521,0.047619047619047616,560.0,18.0,721.0,28.0
0.58,0.9688581314878892,0.9523809523809523,0.9605488850771869,0.02435723951285521,0.047619047619047616,560.0,18.0,721.0,28.0
0.585,0.9688581314878892,0.9523809523809523,0.9605488850771869,0.02435723951285521,0.047619047619047616,560.0,18.0,721.0,28.0
0.59,0.9688581314878892,0.9523809523809523,0.9605488850771869,0.02435723951285521,0.047619047619047616,560.0,18.0,721.0,28.0
0.595,0.9688581314878892,0.9523809523809523,0.9605488850771869,0.02435723951285521,0.047619047619047616,560.0,18.0,721.0,28.0
0.6,0.9688581314878892,0.9523809523809523,0.9605488850771869,0.02435723951285521,0.047619047619047616,560.0,18.0,721.0,28.0
0.6002475030600669,0.9688581314878892,0.9523809523809523,0.9605488850771869,0.02435723951285521,0.047619047619047616,560.0,18.0,721.0,28.0
0.605,0.9688041594454073,0.9506802721088435,0.959656652360515,0.02435723951285521,0.04931972789115646,559.0,18.0,721.0,29.0
0.6097167092140788,0.9688041594454073,0.9506802721088435,0.959656652360515,0.02435723951285521,0.04931972789115646,559.0,18.0,721.0,29.0
0.61,0.9704861111111112,0.9506802721088435,0.9604810996563574,0.023004059539918808,0.04931972789115646,559.0,17.0,722.0,29.0
0.6120580090637179,0.9704861111111112,0.9506802721088435,0.9604810996563574,0.023004059539918808,0.04931972789115646,559.0,17.0,722.0,29.0
0.615,0.9704347826086956,0.9489795918367347,0.9595872742906277,0.023004059539918808,0.05102040816326531,558.0,17.0,722.0,30.0
0.6185698510561461,0.9704347826086956,0.9489795918367347,0.9595872742906277,0.023004059539918808,0.05102040816326531,558.0,17.0,722.0,30.0
0.6189194736539912,0.9703832752613241,0.9472789115646258,0.9586919104991394,0.023004059539918808,0.05272108843537415,557.0,17.0,722.0,31.0
0.62,0.9703315881326352,0.9455782312925171,0.9577950043066322,0.023004059539918808,0.05442176870748299,556.0,17.0,722.0,32.0
0.625,0.9703315881326352,0.9455782312925171,0.9577950043066322,0.023004059539918808,0.05442176870748299,556.0,17.0,722.0,32.0
0.63,0.9703315881326352,0.9455782312925171,0.9577950043066322,0.023004059539918808,0.05442176870748299,556.0,17.0,722.0,32.0
0.635,0.9703315881326352,0.9455782312925171,0.9577950043066322,0.023004059539918808,0.05442176870748299,556.0,17.0,722.0,32.0
0.6399999999999999,0.9703315881326352,0.9455782312925171,0.9577950043066322,0.023004059539918808,0.05442176870748299,556.0,17.0,722.0,32.0
0.6449999999999999,0.9703315881326352,0.9455782312925171,0.9577950043066322,0.023004059539918808,0.05442176870748299,556.0,17.0,722.0,32.0
0.6499999999999999,0.9703315881326352,0.9455782312925171,0.9577950043066322,0.023004059539918808,0.05442176870748299,556.0,17.0,722.0,32.0
0.6549999999999999,0.9703315881326352,0.9455782312925171,0.9577950043066322,0.023004059539918808,0.05442176870748299,556.0,17.0,722.0,32.0
0.6599999999999999,0.9703315881326352,0.9455782312925171,0.9577950043066322,0.023004059539918808,0.05442176870748299,556.0,17.0,722.0,32.0
0.6649999999999999,0.9703315881326352,0.9455782312925171,0.9577950043066322,0.023004059539918808,0.05442176870748299,556.0,17.0,722.0,32.0
0.6698810749692461,0.9703315881326352,0.9455782312925171,0.9577950043066322,0.023004059539918808,0.05442176870748299,556.0,17.0,722.0,32.0
0.6699999999999999,0.972027972027972,0.9455782312925171,0.9586206896551724,0.02165087956698241,0.05442176870748299,556.0,16.0,723.0,32.0
0.6749999999999999,0.972027972027972,0.9455782312925171,0.9586206896551724,0.02165087956698241,0.05442176870748299,556.0,16.0,723.0,32.0
0.6799999999999999,0.972027972027972,0.9455782312925171,0.9586206896551724,0.02165087956698241,0.05442176870748299,556.0,16.0,723.0,32.0
0.6820312491501663,0.972027972027972,0.9455782312925171,0.9586206896551724,0.02165087956698241,0.05442176870748299,556.0,16.0,723.0,32.0
0.6849999999999999,0.9719789842381786,0.9438775510204082,0.9577221742881795,0.02165087956698241,0.05612244897959184,555.0,16.0,723.0,33.0
0.69,0.9719789842381786,0.9438775510204082,0.9577221742881795,0.02165087956698241,0.05612244897959184,555.0,16.0,723.0,33.0
0.695,0.9719789842381786,0.9438775510204082,0.9577221742881795,0.02165087956698241,0.05612244897959184,555.0,16.0,723.0,33.0
0.6958086920502878,0.9719789842381786,0.9438775510204082,0.9577221742881795,0.02165087956698241,0.05612244897959184,555.0,16.0,723.0,33.0
0.7,0.9736842105263158,0.9438775510204082,0.9585492227979274,0.02029769959404601,0.05612244897959184,555.0,15.0,724.0,33.0
0.705,0.9736842105263158,0.9438775510204082,0.9585492227979274,0.02029769959404601,0.05612244897959184,555.0,15.0,724.0,33.0
0.7085470087169583,0.9736842105263158,0.9438775510204082,0.9585492227979274,0.02029769959404601,0.05612244897959184,555.0,15.0,724.0,33.0
0.71,0.9736379613356766,0.9421768707482994,0.9576490924805532,0.02029769959404601,0.05782312925170068,554.0,15.0,724.0,34.0
0.715,0.9736379613356766,0.9421768707482994,0.9576490924805532,0.02029769959404601,0.05782312925170068,554.0,15.0,724.0,34.0
0.72,0.9736379613356766,0.9421768707482994,0.9576490924805532,0.02029769959404601,0.05782312925170068,554.0,15.0,724.0,34.0
0.725,0.9736379613356766,0.9421768707482994,0.9576490924805532,0.02029769959404601,0.05782312925170068,554.0,15.0,724.0,34.0
0.73,0.9736379613356766,0.9421768707482994,0.9576490924805532,0.02029769959404601,0.05782312925170068,554.0,15.0,724.0,34.0
0.735,0.9736379613356766,0.9421768707482994,0.9576490924805532,0.02029769959404601,0.05782312925170068,554.0,15.0,724.0,34.0
0.74,0.9736379613356766,0.9421768707482994,0.9576490924805532,0.02029769959404601,0.05782312925170068,554.0,15.0,724.0,34.0
0.7431462885839353,0.9736379613356766,0.9421768707482994,0.9576490924805532,0.02029769959404601,0.05782312925170068,554.0,15.0,724.0,34.0
0.7449999999999999,0.9735915492957746,0.9404761904761905,0.9567474048442907,0.02029769959404601,0.05952380952380952,553.0,15.0,724.0,35.0
0.7499999999999999,0.9735915492957746,0.9404761904761905,0.9567474048442907,0.02029769959404601,0.05952380952380952,553.0,15.0,724.0,35.0
0.7549999999999999,0.9735915492957746,0.9404761904761905,0.9567474048442907,0.02029769959404601,0.05952380952380952,553.0,15.0,724.0,35.0
0.7599999999999999,0.9735915492957746,0.9404761904761905,0.9567474048442907,0.02029769959404601,0.05952380952380952,553.0,15.0,724.0,35.0
0.762656337050265,0.9735915492957746,0.9404761904761905,0.9567474048442907,0.02029769959404601,0.05952380952380952,553.0,15.0,724.0,35.0
0.7649999999999999,0.9735449735449735,0.9387755102040817,0.9558441558441558,0.02029769959404601,0.061224489795918366,552.0,15.0,724.0,36.0
0.765452452207737,0.9735449735449735,0.9387755102040817,0.9558441558441558,0.02029769959404601,0.061224489795918366,552.0,15.0,724.0,36.0
0.7699999999999999,0.9752650176678446,0.9387755102040817,0.9566724436741768,0.018944519621109608,0.061224489795918366,552.0,14.0,725.0,36.0
0.7749999999999999,0.9752650176678446,0.9387755102040817,0.9566724436741768,0.018944519621109608,0.061224489795918366,552.0,14.0,725.0,36.0
0.7783890737241063,0.9752650176678446,0.9387755102040817,0.9566724436741768,0.018944519621109608,0.061224489795918366,552.0,14.0,725.0,36.0
0.7799999999999999,0.9769911504424779,0.9387755102040817,0.9575021682567216,0.017591339648173207,0.061224489795918366,552.0,13.0,726.0,36.0
0.7849999999999999,0.9769911504424779,0.9387755102040817,0.9575021682567216,0.017591339648173207,0.061224489795918366,552.0,13.0,726.0,36.0
0.7899999999999999,0.9769911504424779,0.9387755102040817,0.9575021682567216,0.017591339648173207,0.061224489795918366,552.0,13.0,726.0,36.0
0.7949999999999999,0.9769911504424779,0.9387755102040817,0.9575021682567216,0.017591339648173207,0.061224489795918366,552.0,13.0,726.0,36.0
0.7953528943349494,0.9769911504424779,0.9387755102040817,0.9575021682567216,0.017591339648173207,0.061224489795918366,552.0,13.0,726.0,36.0
0.7999999999999999,0.9787234042553191,0.9387755102040817,0.9583333333333334,0.016238159675236806,0.061224489795918366,552.0,12.0,727.0,36.0
0.8044840204623727,0.9787234042553191,0.9387755102040817,0.9583333333333334,0.016238159675236806,0.061224489795918366,552.0,12.0,727.0,36.0
0.8049999999999999,0.9786856127886323,0.9370748299319728,0.9574283231972198,0.016238159675236806,0.06292517006802721,551.0,12.0,727.0,37.0
0.8099999999999999,0.9786856127886323,0.9370748299319728,0.9574283231972198,0.016238159675236806,0.06292517006802721,551.0,12.0,727.0,37.0
0.8103981135202416,0.9786856127886323,0.9370748299319728,0.9574283231972198,0.016238159675236806,0.06292517006802721,551.0,12.0,727.0,37.0
0.815,0.9786476868327402,0.935374149659864,0.9565217391304348,0.016238159675236806,0.06462585034013606,550.0,12.0,727.0,38.0
0.82,0.9786476868327402,0.935374149659864,0.9565217391304348,0.016238159675236806,0.06462585034013606,550.0,12.0,727.0,38.0
0.8245811941187463,0.9786476868327402,0.935374149659864,0.9565217391304348,0.016238159675236806,0.06462585034013606,550.0,12.0,727.0,38.0
0.825,0.9803571428571428,0.9336734693877551,0.9564459930313589,0.014884979702300407,0.0663265306122449,549.0,11.0,728.0,39.0
0.83,0.9803571428571428,0.9336734693877551,0.9564459930313589,0.014884979702300407,0.0663265306122449,549.0,11.0,728.0,39.0
0.835,0.9803571428571428,0.9336734693877551,0.9564459930313589,0.014884979702300407,0.0663265306122449,549.0,11.0,728.0,39.0
0.8379155141060499,0.9803571428571428,0.9336734693877551,0.9564459930313589,0.014884979702300407,0.0663265306122449,549.0,11.0,728.0,39.0
0.84,0.9821109123434705,0.9336734693877551,0.9572798605056669,0.013531799729364006,0.0663265306122449,549.0,10.0,729.0,39.0
0.845,0.9821109123434705,0.9336734693877551,0.9572798605056669,0.013531799729364006,0.0663265306122449,549.0,10.0,729.0,39.0
0.8499999999999999,0.9821109123434705,0.9336734693877551,0.9572798605056669,0.013531799729364006,0.0663265306122449,549.0,10.0,729.0,39.0
0.8549999999999999,0.9821109123434705,0.9336734693877551,0.9572798605056669,0.013531799729364006,0.0663265306122449,549.0,10.0,729.0,39.0
0.8599999999999999,0.9821109123434705,0.9336734693877551,0.9572798605056669,0.013531799729364006,0.0663265306122449,549.0,10.0,729.0,39.0
0.8606736492626371,0.9821109123434705,0.9336734693877551,0.9572798605056669,0.013531799729364006,0.0663265306122449,549.0,10.0,729.0,39.0
0.8649999999999999,0.9838709677419355,0.9336734693877551,0.9581151832460733,0.012178619756427604,0.0663265306122449,549.0,9.0,730.0,39.0
0.8699999999999999,0.9838709677419355,0.9336734693877551,0.9581151832460733,0.012178619756427604,0.0663265306122449,549.0,9.0,730.0,39.0
0.8749999999999999,0.9838709677419355,0.9336734693877551,0.9581151832460733,0.012178619756427604,0.0663265306122449,549.0,9.0,730.0,39.0
0.8799999999999999,0.9838709677419355,0.9336734693877551,0.9581151832460733,0.012178619756427604,0.0663265306122449,549.0,9.0,730.0,39.0
0.8849999999999999,0.9838709677419355,0.9336734693877551,0.9581151832460733,0.012178619756427604,0.0663265306122449,549.0,9.0,730.0,39.0
0.8899999999999999,0.9838709677419355,0.9336734693877551,0.9581151832460733,0.012178619756427604,0.0663265306122449,549.0,9.0,730.0,39.0
0.8926692310340099,0.9838709677419355,0.9336734693877551,0.9581151832460733,0.012178619756427604,0.0663265306122449,549.0,9.0,730.0,39.0
0.8949999999999999,0.9838420107719928,0.9319727891156463,0.9572052401746725,0.012178619756427604,0.06802721088435375,548.0,9.0,730.0,40.0
0.8986147990757747,0.9838420107719928,0.9319727891156463,0.9572052401746725,0.012178619756427604,0.06802721088435375,548.0,9.0,730.0,40.0
0.8999999999999999,0.9855855855855856,0.9302721088435374,0.9571303587051618,0.010825439783491205,0.06972789115646258,547.0,8.0,731.0,41.0
0.9014464853424092,0.9855855855855856,0.9302721088435374,0.9571303587051618,0.010825439783491205,0.06972789115646258,547.0,8.0,731.0,41.0
0.9049999999999999,0.9855595667870036,0.9285714285714286,0.9562171628721541,0.010825439783491205,0.07142857142857142,546.0,8.0,731.0,42.0
0.9052322313726077,0.9855595667870036,0.9285714285714286,0.9562171628721541,0.010825439783491205,0.07142857142857142,546.0,8.0,731.0,42.0
0.9099999999999999,0.9855334538878843,0.9268707482993197,0.9553023663453112,0.010825439783491205,0.07312925170068027,545.0,8.0,731.0,43.0
0.9100987476236085,0.9855334538878843,0.9268707482993197,0.9553023663453112,0.010825439783491205,0.07312925170068027,545.0,8.0,731.0,43.0
0.9110024108933994,0.9873188405797102,0.9268707482993197,0.956140350877193,0.009472259810554804,0.07312925170068027,545.0,7.0,732.0,43.0
0.9134140197557451,0.9872958257713249,0.9251700680272109,0.9552238805970149,0.009472259810554804,0.07482993197278912,544.0,7.0,732.0,44.0
0.9149999999999999,0.9872727272727273,0.923469387755102,0.9543057996485061,0.009472259810554804,0.07653061224489796,543.0,7.0,732.0,45.0
0.9162540935019108,0.9872727272727273,0.923469387755102,0.9543057996485061,0.009472259810554804,0.07653061224489796,543.0,7.0,732.0,45.0
0.9167220122527929,0.9872495446265938,0.9217687074829932,0.9533861037818822,0.009472259810554804,0.0782312925170068,542.0,7.0,732.0,46.0
0.9171015206321375,0.9872262773722628,0.9200680272108843,0.9524647887323944,0.009472259810554804,0.07993197278911565,541.0,7.0,732.0,47.0
0.9199999999999999,0.9872029250457038,0.9183673469387755,0.9515418502202643,0.009472259810554804,0.08163265306122448,540.0,7.0,732.0,48.0
0.9204137213824117,0.9872029250457038,0.9183673469387755,0.9515418502202643,0.009472259810554804,0.08163265306122448,540.0,7.0,732.0,48.0
0.9235806389874861,0.9871794871794872,0.9166666666666666,0.9506172839506173,0.009472259810554804,0.08333333333333333,539.0,7.0,732.0,49.0
0.9240507537517284,0.9871559633027523,0.9149659863945578,0.9496910856134158,0.009472259810554804,0.08503401360544217,538.0,7.0,732.0,50.0
0.9249999999999999,0.9870848708487084,0.9098639455782312,0.9469026548672567,0.009472259810554804,0.09013605442176871,535.0,7.0,732.0,53.0
0.9299999999999999,0.9870848708487084,0.9098639455782312,0.9469026548672567,0.009472259810554804,0.09013605442176871,535.0,7.0,732.0,53.0
0.9304616156418275,0.9870848708487084,0.9098639455782312,0.9469026548672567,0.009472259810554804,0.09013605442176871,535.0,7.0,732.0,53.0
0.9333399226647279,0.987037037037037,0.9064625850340136,0.9450354609929078,0.009472259810554804,0.0935374149659864,533.0,7.0,732.0,55.0
0.9344535022628574,0.987012987012987,0.9047619047619048,0.9440993788819876,0.009472259810554804,0.09523809523809523,532.0,7.0,732.0,56.0
0.9349999999999999,0.9869888475836431,0.9030612244897959,0.9431616341030196,0.009472259810554804,0.09693877551020408,531.0,7.0,732.0,57.0
0.9363686014780983,0.9869888475836431,0.9030612244897959,0.9431616341030196,0.009472259810554804,0.09693877551020408,531.0,7.0,732.0,57.0
0.9379612913415364,0.9888059701492538,0.9013605442176871,0.9430604982206405,0.008119079837618403,0.09863945578231292,530.0,6.0,733.0,58.0
0.94,0.9887850467289719,0.8996598639455783,0.9421193232413179,0.008119079837618403,0.10034013605442177,529.0,6.0,733.0,59.0
0.9400432449372715,0.9887850467289719,0.8996598639455783,0.9421193232413179,0.008119079837618403,0.10034013605442177,529.0,6.0,733.0,59.0
0.941805197238902,0.9887640449438202,0.8979591836734694,0.9411764705882353,0.008119079837618403,0.10204081632653061,528.0,6.0,733.0,60.0
0.9439393356104548,0.9887429643527205,0.8962585034013606,0.9402319357716324,0.008119079837618403,0.10374149659863946,527.0,6.0,733.0,61.0
0.945,0.9887218045112782,0.8945578231292517,0.9392857142857143,0.008119079837618403,0.1054421768707483,526.0,6.0,733.0,62.0
0.94680368497708,0.9887218045112782,0.8945578231292517,0.9392857142857143,0.008119079837618403,0.1054421768707483,526.0,6.0,733.0,62.0
0.95,0.9886792452830189,0.891156462585034,0.9373881932021467,0.008119079837618403,0.10884353741496598,524.0,6.0,733.0,64.0
0.9500585743489447,0.9886792452830189,0.891156462585034,0.9373881932021467,0.008119079837618403,0.10884353741496598,524.0,6.0,733.0,64.0
0.9513949980123276,0.9886578449905482,0.8894557823129252,0.936436884512086,0.008119079837618403,0.11054421768707483,523.0,6.0,733.0,65.0
0.954794745840224,0.9886363636363636,0.8877551020408163,0.9354838709677419,0.008119079837618403,0.11224489795918367,522.0,6.0,733.0,66.0
0.955608619446403,0.9886148007590133,0.8860544217687075,0.9345291479820628,0.008119079837618403,0.11394557823129252,521.0,6.0,733.0,67.0
0.9592252667252718,0.988527724665392,0.8792517006802721,0.9306930693069307,0.008119079837618403,0.12074829931972789,517.0,6.0,733.0,71.0
0.9594725177041329,0.9885057471264368,0.8775510204081632,0.9297297297297298,0.008119079837618403,0.12244897959183673,516.0,6.0,733.0,72.0
0.9601669930444383,0.9884836852207294,0.8758503401360545,0.9287646528403968,0.008119079837618403,0.12414965986394558,515.0,6.0,733.0,73.0
0.9630131132330508,0.9942084942084942,0.8758503401360545,0.9312839059674503,0.0040595399188092015,0.12414965986394558,515.0,3.0,736.0,73.0
0.9662552710034772,0.9941972920696325,0.8741496598639455,0.930316742081448,0.0040595399188092015,0.12585034013605442,514.0,3.0,736.0,74.0
0.9689373565751845,0.9941747572815534,0.8707482993197279,0.928377153218495,0.0040595399188092015,0.1292517006802721,512.0,3.0,736.0,76.0
0.9693823795666926,0.9941634241245136,0.8690476190476191,0.9274047186932849,0.0040595399188092015,0.13095238095238096,511.0,3.0,736.0,77.0
0.9719360534480964,0.9941520467836257,0.8673469387755102,0.9264305177111717,0.0040595399188092015,0.1326530612244898,510.0,3.0,736.0,78.0
0.974416832082376,0.9940944881889764,0.858843537414966,0.9215328467153284,0.0040595399188092015,0.141156462585034,505.0,3.0,736.0,83.0
0.9755758295684109,0.9940828402366864,0.8571428571428571,0.9205479452054794,0.0040595399188092015,0.14285714285714285,504.0,3.0,736.0,84.0
0.9766835772446733,0.9940711462450593,0.8554421768707483,0.9195612431444241,0.0040595399188092015,0.1445578231292517,503.0,3.0,736.0,85.0
0.9773181382790372,0.9940119760479041,0.8469387755102041,0.9146005509641874,0.0040595399188092015,0.15306122448979592,498.0,3.0,736.0,90.0
0.9787538611234253,0.994,0.8452380952380952,0.9136029411764706,0.0040595399188092015,0.15476190476190477,497.0,3.0,736.0,91.0
0.9806439658460803,0.9939516129032258,0.8384353741496599,0.9095940959409594,0.0040595399188092015,0.16156462585034015,493.0,3.0,736.0,95.0
0.9823689515436431,0.9939271255060729,0.8350340136054422,0.9075785582255084,0.0040595399188092015,0.1649659863945578,491.0,3.0,736.0,97.0
0.983942725845269,0.9938524590163934,0.8248299319727891,0.9014869888475836,0.0040595399188092015,0.17517006802721088,485.0,3.0,736.0,103.0
0.9846769568806845,0.9938271604938271,0.8214285714285714,0.8994413407821229,0.0040595399188092015,0.17857142857142858,483.0,3.0,736.0,105.0
0.9848197870498266,0.9938144329896907,0.8197278911564626,0.8984156570363467,0.0040595399188092015,0.18027210884353742,482.0,3.0,736.0,106.0
0.985008189921184,0.9937888198757764,0.8163265306122449,0.896358543417367,0.0040595399188092015,0.1836734693877551,480.0,3.0,736.0,108.0
0.9853781135610891,0.9937759336099585,0.814625850340136,0.8953271028037383,0.0040595399188092015,0.18537414965986396,479.0,3.0,736.0,109.0
0.9854432185574118,0.9936708860759493,0.8010204081632653,0.8870056497175142,0.0040595399188092015,0.1989795918367347,471.0,3.0,736.0,117.0
0.986686925569614,0.9936575052854123,0.7993197278911565,0.885956644674835,0.0040595399188092015,0.20068027210884354,470.0,3.0,736.0,118.0
0.9872429686427043,0.9935205183585313,0.782312925170068,0.8753568030447193,0.0040595399188092015,0.21768707482993196,460.0,3.0,736.0,128.0
0.9874160133827671,0.9934924078091106,0.7789115646258503,0.8732125834127741,0.0040595399188092015,0.22108843537414966,458.0,3.0,736.0,130.0
0.9874945491165648,0.9934782608695653,0.7772108843537415,0.8721374045801527,0.0040595399188092015,0.2227891156462585,457.0,3.0,736.0,131.0
0.9876855648492349,0.9934640522875817,0.7755102040816326,0.8710601719197708,0.0040595399188092015,0.22448979591836735,456.0,3.0,736.0,132.0
0.9878800261461578,0.9956331877729258,0.7755102040816326,0.8718929254302104,0.0027063599458728013,0.22448979591836735,456.0,2.0,737.0,132.0
0.9879745470864001,0.9955056179775281,0.7534013605442177,0.8576960309777347,0.0027063599458728013,0.2465986394557823,443.0,2.0,737.0,145.0
0.9883271315048436,0.9954954954954955,0.7517006802721088,0.8565891472868217,0.0027063599458728013,0.24829931972789115,442.0,2.0,737.0,146.0
0.9885854863221092,0.9954853273137697,0.75,0.8554801163918526,0.0027063599458728013,0.25,441.0,2.0,737.0,147.0
0.9887344153757426,0.995475113122172,0.7482993197278912,0.8543689320388349,0.0027063599458728013,0.25170068027210885,440.0,2.0,737.0,148.0
0.9889673981544542,0.9954648526077098,0.7465986394557823,0.8532555879494655,0.0027063599458728013,0.2534013605442177,439.0,2.0,737.0,149.0
0.989114650211922,0.9976580796252927,0.7244897959183674,0.8394088669950739,0.0013531799729364006,0.2755102040816326,426.0,1.0,738.0,162.0
0.9891219615741516,0.9976525821596244,0.7227891156462585,0.8382642998027613,0.0013531799729364006,0.27721088435374147,425.0,1.0,738.0,163.0
0.9895729161555467,0.9976470588235294,0.7210884353741497,0.8371174728529122,0.0013531799729364006,0.2789115646258503,424.0,1.0,738.0,164.0
0.9899582056788085,0.9976415094339622,0.7193877551020408,0.8359683794466403,0.0013531799729364006,0.28061224489795916,423.0,1.0,738.0,165.0
0.990268489567822,0.9975369458128078,0.6887755102040817,0.8148893360160966,0.0013531799729364006,0.3112244897959184,405.0,1.0,738.0,183.0
0.9904842901365819,0.9975308641975309,0.6870748299319728,0.8136958710976838,0.0013531799729364006,0.3129251700680272,404.0,1.0,738.0,184.0
0.9905098656090149,0.9975247524752475,0.685374149659864,0.8125,0.0013531799729364006,0.31462585034013607,403.0,1.0,738.0,185.0
0.9908608538024486,0.9975186104218362,0.6836734693877551,0.8113017154389506,0.0013531799729364006,0.3163265306122449,402.0,1.0,738.0,186.0
0.9911434960673263,0.9973262032085561,0.6343537414965986,0.7754677754677755,0.0013531799729364006,0.3656462585034014,373.0,1.0,738.0,215.0
0.9912012803852013,0.9973190348525469,0.6326530612244898,0.7741935483870968,0.0013531799729364006,0.3673469387755102,372.0,1.0,738.0,216.0
0.9916830453427262,0.9973118279569892,0.6309523809523809,0.7729166666666667,0.0013531799729364006,0.36904761904761907,371.0,1.0,738.0,217.0
0.991838460463254,0.9967741935483871,0.5255102040816326,0.688195991091314,0.0013531799729364006,0.4744897959183674,309.0,1.0,738.0,279.0
0.991940466883914,0.9967637540453075,0.5238095238095238,0.6867335562987736,0.0013531799729364006,0.47619047619047616,308.0,1.0,738.0,280.0
0.9921899836120099,0.9967532467532467,0.5221088435374149,0.6852678571428571,0.0013531799729364006,0.477891156462585,307.0,1.0,738.0,281.0
0.9922876307086472,0.996742671009772,0.5204081632653061,0.6837988826815642,0.0013531799729364006,0.47959183673469385,306.0,1.0,738.0,282.0
0.9924318344387486,0.9967320261437909,0.5187074829931972,0.6823266219239373,0.0013531799729364006,0.4812925170068027,305.0,1.0,738.0,283.0
